ID_ESTUDIOS,ESTATUS DE ESTUDIO,AÑO,ESTADOS,TITULO_ORIGINAL,TITULO_BUSQUEDA,FUENTE
0001_TS,FÍSICO,1972,SAN LUIS POTOSÍ,"ABASTECIMIENTO DE AGUA POTABLE PARA RAYÓN, S. L. P. 
","ABASTECIMIENTO DE AGUA POTABLE PARA RAYÓN, SAN LUIS POTOSÍ
",UNIVERSIDAD AUTÓNOMA DE SAN LUIS POTOSÍ (UASLP)
0002_TS,FÍSICO,1973,SAN LUIS POTOSÍ,"ESTUDIO GEOHIDROLÓGICO DE LA CUENCA DE VILLA DE ARISTA, S.L.P.
","ESTUDIO GEOHIDROLÓGICO DE LA CUENCA DE VILLA DE ARISTA, SAN LUIS POTOSÍ",UNIVERSIDAD AUTÓNOMA DE SAN LUIS POTOSÍ (UASLP)
0007_TS,FÍSICO,1979,MICHOACÁN,"RECONOCIMIENTO GEOLÓGICO-GEOMORFOLÓGICO EN LA REGIÓN NE DEL EDO. DE MICHOACÁN (HOJA CD. HIDALGO, ESCALA 1:50 000)
","RECONOCIMIENTO GEOLÓGICO-GEOMORFOLÓGICO EN LA REGIÓN NE DEL EDO. DE MICHOACÁN (HOJA CD. HIDALGO, ESCALA 1:50 000)
",INSTITUTO POLITÉCNICO NACIONAL (IPN)
0008_TS,FÍSICO,1980,VERACRUZ,"ESTUDIO GEOLÓGICO DEL AREA DEL PROYECTO NUCLEOELÉCTRICO LAGUNA VERDE, VER.
","ESTUDIO GEOLÓGICO DEL AREA DEL PROYECTO NUCLEOELÉCTRICO LAGUNA VERDE, VERACRUZ
",INSTITUTO POLITÉCNICO NACIONAL (IPN)
0011_TS,FÍSICO,1984,NUEVO LEÓN,"ESTUDIO GEOHIDROLÓGICO PRELIMINAR DEL ÁREA SAN JERÓNIMO MONTERREY, N.L.
","ESTUDIO GEOHIDROLÓGICO PRELIMINAR DEL ÁREA SAN JERÓNIMO MONTERREY, NUEVO LEÓN
",UNIVERSIDAD AUTÓNOMA DE SAN LUIS POTOSÍ (UASLP)
0012_TS,FÍSICO,1986,VERACRUZ,"ESTUDIO DE FACTIBILIDAD TÉCNICA PARA EL ABASTECIMIENTO DE AGUA A LA CIUDAD DE VERACRUZ, VERACRUZ
","ESTUDIO DE FACTIBILIDAD TÉCNICA PARA EL ABASTECIMIENTO DE AGUA A LA CIUDAD DE VERACRUZ, VERACRUZ
",UNIVERSIDAD IBEROAMERICANA (IBERO)
0013_TS,FÍSICO,1988,MEXICO,"PROPIEDADES GEOELÉCTRICAS DE LAS PRINCIPALES UNIDADES ACUÍFERAS DE LA CUENCA DE MÉXICO
","PROPIEDADES GEOELÉCTRICAS DE LAS PRINCIPALES UNIDADES ACUÍFERAS DE LA CUENCA DE MÉXICO
",INSTITUTO POLITÉCNICO NACIONAL (IPN)
0014_TS,FÍSICO,1988,NUEVO LEÓN  SAN LUIS POTOSÍ,"DETERMINACIÓN DEL MARCO HIDROGEOLÓGICO DE LA ZONA DR. ARROYO - MATEHUALA, ESTADOS DE NUEVO LEON Y SAN LUIS POTOSÍ, A PARTIR DEL ANÁLISIS GEOLÓGICO -ESTRUCTURAL.
","DETERMINACIÓN DEL MARCO HIDROGEOLÓGICO DE LA ZONA DR. ARROYO - MATEHUALA, ESTADOS DE NUEVO LEON Y SAN LUIS POTOSÍ, A PARTIR DEL ANÁLISIS GEOLÓGICO -ESTRUCTURAL.
",UNIVERSIDAD NACIONAL AUTÓNOMA DE MÉXICO (UNAM)
0015_TS,FÍSICO,1990,CHIHUAHUA,"PROSPECCIÓN GEOHIDROLÓGICA Y PERFORACIÓN EXPLORATORIA DE LA ZONA CONEJOS-MEDANOS COMO ALTERNATIVA PARA EL ABASTECIMIENTO DE AGUA POTABLE DE CD. JUAREZ, CHIH 
","PROSPECCIÓN GEOHIDROLÓGICA Y PERFORACIÓN EXPLORATORIA DE LA ZONA CONEJOS-MEDANOS COMO ALTERNATIVA PARA EL ABASTECIMIENTO DE AGUA POTABLE DE CIUDAD JUAREZ, CHIHUAHUA
",INSTITUTO TECNOLÓGICO DE CIUDAD MADERO
0016_TS,FÍSICO,1991,GUANAJUATO,"ESTUDIO GEOHIDROLÓGICO DE LA REGIÓN DEL BAJÍO IRAPUATO - SALAMANCA - CELAYA ESTADO DE GUANAJUATO
","ESTUDIO GEOHIDROLÓGICO DE LA REGIÓN DEL BAJÍO IRAPUATO - SALAMANCA - CELAYA ESTADO DE GUANAJUATO
",INSTITUTO POLITÉCNICO NACIONAL (IPN)
0017_TS,FÍSICO,1991,SONORA,"ESTUDO HIDROGEOQUÍMICO DE LA COSTA DE HERMOSILLO Y EL VALLE DE GUAYMAS EN EL ESTADO OE SONORA
","ESTUDO HIDROGEOQUÍMICO DE LA COSTA DE HERMOSILLO Y EL VALLE DE GUAYMAS EN EL ESTADO OE SONORA
",INSTITUTO POLITÉCNICO NACIONAL (IPN)
0018_TS,FÍSICO,1991,SONORA,"MODEL0 DE SIMULACIÓN DEL ACUIFER0 DEL VALLE COYOTE-COSTA, CABORCA, SONORA.
","MODEL0 DE SIMULACIÓN DEL ACUIFER0 DEL VALLE COYOTE-COSTA, CABORCA, SONORA.
",UNIVERSIDAD AUTONOMA DE CHAPINGO (UACh)
0019_TS,FÍSICO,1991,SONORA,"ADAPTABILIDAD DE UN CULTIVO RENTABLE A LAS CONDICIONES DE SALINIDAD EXISTENTES EN LA ZONA DE DESEMBOQUE, UBICADA DENTRO DEL VALLE DE COYOTE-COSTA EN CABORCA, SON.
","ADAPTABILIDAD DE UN CULTIVO RENTABLE A LAS CONDICIONES DE SALINIDAD EXISTENTES EN LA ZONA DE DESEMBOQUE, UBICADA DENTRO DEL VALLE DE COYOTE-COSTA EN CABORCA, SONORA
",UNIVERSIDAD NACIONAL AUTÓNOMA DE MÉXICO (UNAM)
0020_TS,FÍSICO,1992,ZACATECAS,"ESTUDIO GEOHIDROLÓGICO DE LA ZONA JEREZ- CALERA -CHUPADEROS EN EL ESTADO DE ZACATECAS.
","ESTUDIO GEOHIDROLÓGICO DE LA ZONA JEREZ- CALERA -CHUPADEROS EN EL ESTADO DE ZACATECAS.
",INSTITUTO POLITÉCNICO NACIONAL (IPN)
0021_TS,DIGITAL,1992,MÉXICO,"EL USO DE SENSORES REMOTOS PARA LA CUANTIFICACIÓN DE EROSION DE ZONAS ARIDAS Y SEMIARIDAS
","EL USO DE SENSORES REMOTOS PARA LA CUANTIFICACIÓN DE EROSION DE ZONAS ARIDAS Y SEMIARIDAS
",UNIVERSIDAD NACIONAL AUTÓNOMA DE MÉXICO (UNAM)
0022_TS,FÍSICO,1994,ZACATECAS,"SIMULACIÓN NUMÉRICA DEL ACUIFERO DEL VALLE DE AGUANAVAL, ZAC. 
","SIMULACIÓN NUMÉRICA DEL ACUIFERO DEL VALLE DE AGUANAVAL, ZACATECAS",UNIVERSIDAD NACIONAL AUTÓNOMA DE MÉXICO (UNAM)
0023_TS,FÍSICO,1995,MÉXICO,"MANEJO ÓPTIMO DEL ACUÍFERO DEL VALLE DE AGUASCALIENTES  BAJO CONTROL DE HUNDIMIENTOS
","MANEJO ÓPTIMO DEL ACUÍFERO DEL VALLE DE AGUASCALIENTES  BAJO CONTROL DE HUNDIMIENTOS
",INSTITUTO POLITÉCNICO NACIONAL (IPN)
0024_TS,DIGITAL,1992,BAJA CALIFORNIA SUR,"ESTUDIO GEOLÓGICO ARROYO LA CRUCES - SISTEMA DE FALLAS, SAN JUAN DE LOS PLANES, ESTADO DE BAJA CALIFORNIA SUR
","ESTUDIO GEOLÓGICO ARROYO LA CRUCES - SISTEMA DE FALLAS, SAN JUAN DE LOS PLANES, ESTADO DE BAJA CALIFORNIA SUR
",UNIVERSIDAD AUTÓNOMA DE BAJA CALIFORNIA SUR (UABCS)
0025_TS,FÍSICO,1996,SONORA,"MÉTODO DE BALANCE DE AGUAS SUBTERRÁNEAS EN EL VALLE ALUVIAL DEL RÍO YAQUI, SONORA
","MÉTODO DE BALANCE DE AGUAS SUBTERRÁNEAS EN EL VALLE ALUVIAL DEL RÍO YAQUI, SONORA
",INSTITUTO TECNOLÓGICO DE SONORA (ITSON)
0026_TS,FÍSICO,1998,SINALOA,"ESTUDIO HIDROLÓGICO DEL RÍO SINALOA EN LA ZONA URBANA DE GUASAVE, SINALOA
","ESTUDIO HIDROLÓGICO DEL RÍO SINALOA EN LA ZONA URBANA DE GUASAVE, SINALOA
",UNIVERSIDAD NACIONAL AUTÓNOMA DE MÉXICO (UNAM)
0027_TS,FÍSICO,2010,GUANAJUATO,"ANÁLISIS DE LA FORMACIÓN DEL FALLAMIENTO POR SUBSIDENCIA EN LA ZONA DE IRAPUATO, GTO.
","ANÁLISIS DE LA FORMACIÓN DEL FALLAMIENTO POR SUBSIDENCIA EN LA ZONA DE IRAPUATO, GUANAJUATO
",UNIVERSIDAD NACIONAL AUTÓNOMA DE MÉXICO (UNAM)
0028_TS,FÍSICO,1999,OAXACA,"CARTOGRAFÍA Y ESTRATIGRAFÍA MEDIANTE SENSORES REMOTOS EN UN SISTEMA DE INFORMACIÓN GEOGRAFICA: ÁREA DE HUAJUAPAN DE LEÓN, OAXACA, MÉXICO.
","CARTOGRAFÍA Y ESTRATIGRAFÍA MEDIANTE SENSORES REMOTOS EN UN SISTEMA DE INFORMACIÓN GEOGRAFICA: ÁREA DE HUAJUAPAN DE LEÓN, OAXACA, MÉXICO.
",UNIVERSIDAD NACIONAL AUTÓNOMA DE MÉXICO (UNAM)
0029_TS,FÍSICO,2000,JALISCO,"ESTUDIO DE EXPLORACIÓN GEOHIDROLÓGICA PARA POZO RADIAL EN PUERTO VALLARTA, JALISCO

","ESTUDIO DE EXPLORACIÓN GEOHIDROLÓGICA PARA POZO RADIAL EN PUERTO VALLARTA, JALISCO

",INSTITUTO POLITÉCNICO NACIONAL (IPN)
0031_TS,DIGITAL,2001,MÉXICO,"ESTUDIO DE ARSENICO Y SELENIO EN AGUAS SUBTERRÁNEAS

","ESTUDIO DE ARSENICO Y SELENIO EN AGUAS SUBTERRÁNEAS

",UNIVERSIDAD NACIONAL AUTÓNOMA DE MÉXICO (UNAM)
0032_TS,DIGITAL,2002,MÉXICO,"PROSPECCIÓN MAGNÉTICA APLICADA A UN PROBLEMA DE CONTAMINACIÓN POR CROMO, TULTITLÁN, EDO MÉX
","PROSPECCIÓN MAGNÉTICA APLICADA A UN PROBLEMA DE CONTAMINACIÓN POR CROMO, TULTITLÁN, ESTADO DE MÉXICO
",UNIVERSIDAD NACIONAL AUTÓNOMA DE MÉXICO (UNAM)
0033_TS,FÍSICO,2003,OAXACA,"CARACTERIZACIÓN DE LOS SISTEMAS DE DESCARGA DE  AGUAS SUBTERRÁNEAS EN LA REGIÓN DE VALLES CENTRALES, OAXACA.
","CARACTERIZACIÓN DE LOS SISTEMAS DE DESCARGA DE  AGUAS SUBTERRÁNEAS EN LA REGIÓN DE VALLES CENTRALES, OAXACA.
",UNIVERSIDAD NACIONAL AUTÓNOMA DE MÉXICO (UNAM)
0034_TS,DIGITAL,2004,MÉXICO,"APLICACIÓN DE UN MODELO DE SIMULACIÓN DE AGUAS SUBTERRÁNEAS (MODFLOW) PARA PREDECIR EL IMPACTO DE LAS EXTRACIONES EN EL ALMACENAMIENTO Y CONSERVACIÓN DE LOS ACUÍFEROS

","APLICACIÓN DE UN MODELO DE SIMULACIÓN DE AGUAS SUBTERRÁNEAS (MODFLOW) PARA PREDECIR EL IMPACTO DE LAS EXTRACIONES EN EL ALMACENAMIENTO Y CONSERVACIÓN DE LOS ACUÍFEROS

",UNIVERSIDAD NACIONAL AUTÓNOMA DE MÉXICO (UNAM)
0036_TS,FÍSICO,2005,CHIHUAHUA,"GEOHIDROLOGÍA DE LA SIERRA SANTA EULALIA; ALTERNATIVA DE ABASTECIMIENTO PARA CHIHUAHUA, CHIH MÉXICO.
","GEOHIDROLOGÍA DE LA SIERRA SANTA EULALIA; ALTERNATIVA DE ABASTECIMIENTO PARA CHIHUAHUA, CHIHUAHUA MÉXICO.
",UNIVERSIDAD AUTÓNOMA DE CHIHUAHUA (UACH)
0037_TS,FÍSICO,2006,MÉXICO,"EVALUACIÓN DE RIESGO ECOLÓGICO EN UN SITIO CONTAMINADO CON HIDROCARBUROS EN MÉXICO
","EVALUACIÓN DE RIESGO ECOLÓGICO EN UN SITIO CONTAMINADO CON HIDROCARBUROS EN MÉXICO
",UNIVERSIDAD NACIONAL AUTÓNOMA DE MÉXICO (UNAM)
0038_TS,FÍSICO,2006,SONORA,"PROPUESTA DE UN MODELOS INTEGRAL PARA LA RECUPERACIÓN DE UN ACUÍFERO INSTRUSIONADO, SOMETIDO A USO INTENSIVO DE AGUA SUBTERRÁNEA: EL ACUÍFERO COSTA DE HERMOSILLO, SONORA, MÉXICO. 
","PROPUESTA DE UN MODELOS INTEGRAL PARA LA RECUPERACIÓN DE UN ACUÍFERO INSTRUSIONADO, SOMETIDO A USO INTENSIVO DE AGUA SUBTERRÁNEA: EL ACUÍFERO COSTA DE HERMOSILLO, SONORA, MÉXICO. 
",UNIVERSIDAD NACIONAL AUTÓNOMA DE MÉXICO (UNAM)
0039_TS,DIGITAL,2007,OTRO O INTERNACIONAL,"EVALUACIÓN DE LA SUSTENTABILIDAD EN LA INSTALACIÓN DE PLANTAS DESALADORAS, DE AGUA DE MAR, EN LA REGIÓN NOROESTE DE MÉXICO
","EVALUACIÓN DE LA SUSTENTABILIDAD EN LA INSTALACIÓN DE PLANTAS DESALADORAS, DE AGUA DE MAR, EN LA REGIÓN NOROESTE DE MÉXICO
",UNIVERSIDAD DE LAS PALMAS DE GRAN CANARIA
0040_TS,FÍSICO,2007,MÉXICO,"ANÁLISIS E INTEGRACIÓN DE MAPAS ESCALA 1:50 000 PARA SU PUBLICACIÓN Y DIFISIÓN EN LA INTRANET DE LA COMISIÓN NACIONAL DEL AGUA.

","ANÁLISIS E INTEGRACIÓN DE MAPAS ESCALA 1:50 000 PARA SU PUBLICACIÓN Y DIFISIÓN EN LA INTRANET DE LA COMISIÓN NACIONAL DEL AGUA.

",UNIVERSIDAD NACIONAL AUTÓNOMA DE MÉXICO (UNAM)
0041_TS,FÍSICO,2007,MORELOS,"CARACTERIZACIÓN DE AMIBAS DE VIDA LIBRE PRESENTES EN AGUA SUBTERRÁNEA DEL ACUÍFERO DE ZACATEPEC MORELOS

","CARACTERIZACIÓN DE AMIBAS DE VIDA LIBRE PRESENTES EN AGUA SUBTERRÁNEA DEL ACUÍFERO DE ZACATEPEC MORELOS

",UNIVERSIDAD NACIONAL AUTÓNOMA DE MÉXICO (UNAM)
0042_TS,FÍSICO,2007,MORELOS,"ESTUDIO FISICOQUÍMICO Y BACTERIOLÓGICÕ DEL AGUA 
SUBTERRÁNEA EN LA ZONA NORTE DEL VALLE DE CUERNAVACA, MORELOS, MÉXICO

","ESTUDIO FISICOQUÍMICO Y BACTERIOLÓGICÕ DEL AGUA 
SUBTERRÁNEA EN LA ZONA NORTE DEL VALLE DE CUERNAVACA, MORELOS, MÉXICO

",UNIVERSIDAD NACIONAL AUTÓNOMA DE MÉXICO (UNAM)
0043_TS,FÍSICO,2007,MORELOS,"ESTUDIO FISICOQUÍMICO Y BACTERIOLÓGICO DEL AGUA SUBTERRÁNEA EN LA ZONA SUR DEL VALLE DE CUERNAVACA, MORELOS, MÉXICO

","ESTUDIO FISICOQUÍMICO Y BACTERIOLÓGICO DEL AGUA SUBTERRÁNEA EN LA ZONA SUR DEL VALLE DE CUERNAVACA, MORELOS, MÉXICO

",UNIVERSIDAD NACIONAL AUTÓNOMA DE MÉXICO (UNAM)
0044_TS,FÍSICO,2007,MORELOS,"ESTUDIO FISICOQUÍMICO Y BACTERIOLÓGICO DEL AGUA SUBTERRÁNEA EN LAS ZONAS CENTRO-ORIENTE DEL VALLE DE CUERNAVACA, MORELOS, MÉXICO.
","ESTUDIO FISICOQUÍMICO Y BACTERIOLÓGICO DEL AGUA SUBTERRÁNEA EN LAS ZONAS CENTRO-ORIENTE DEL VALLE DE CUERNAVACA, MORELOS, MÉXICO.
",UNIVERSIDAD NACIONAL AUTÓNOMA DE MÉXICO (UNAM)
0045_TS,DIGITAL,2008,CHIHUAHUA,"INVESTIGACIÓN DE LA PRESENCIA DE ARSÉNICO EN EL AGUA SUBTERRÁNEA DEL ACUÍFERO DE MEOQUI DELICIAS, CHIH
","INVESTIGACIÓN DE LA PRESENCIA DE ARSÉNICO EN EL AGUA SUBTERRÁNEA DEL ACUÍFERO DE MEOQUI DELICIAS, CHIHUAHUA
",INSTITUTO TECNOLÓGICO Y DE ESTUDIOS SUPERIORES DE MONTERREY (ITESM)
0046_TS,FÍSICO,2008,MORELOS,"DETERMINACIÓN DE LAS AMIBAS DE VIDA LIBRE EN POZOS DEL ACUÍFERO DE CUERNAVACA, MORELOS

","DETERMINACIÓN DE LAS AMIBAS DE VIDA LIBRE EN POZOS DEL ACUÍFERO DE CUERNAVACA, MORELOS

",UNIVERSIDAD NACIONAL AUTÓNOMA DE MÉXICO (UNAM)
0047_TS,DIGITAL,2008,MÉXICO,"EFECTO DEL OZONO Y LA ZEOLITA CLINOPTILOLITA EN LA REMOCIÓN DE 2,6-DINITROTOLUENO Y NITRÓGENO AMONIACAL

","EFECTO DEL OZONO Y LA ZEOLITA CLINOPTILOLITA EN LA REMOCIÓN DE 2,6-DINITROTOLUENO Y NITRÓGENO AMONIACAL

",UNIVERSIDAD NACIONAL AUTÓNOMA DE MÉXICO (UNAM)
0048_TS,FÍSICO,2008,MORELOS,"ESTUDIO BACTERIOLÓGICO Y FISICOQUÍMICO DEL ACUÍFERO DE ZACATEPEC, MORELOS, EN LAS ZONAS DE: XOCHITEPEC, MIACATLÁN, COATLÁN DEL RÍO Y CUACHICHINOLA

","ESTUDIO BACTERIOLÓGICO Y FISICOQUÍMICO DEL ACUÍFERO DE ZACATEPEC, MORELOS, EN LAS ZONAS DE: XOCHITEPEC, MIACATLÁN, COATLÁN DEL RÍO Y CUACHICHINOLA

",UNIVERSIDAD NACIONAL AUTÓNOMA DE MÉXICO (UNAM)
0049_TS,FÍSICO,2008,MORELOS,"ESTUDIO BACTERIOLÓGICO Y FISICOQUÍMICO DEL AGUA EN 5 POZOS DEL ACUÍFERO DE ZACATEPEC, MORELOS, MÉXICO.
","ESTUDIO BACTERIOLÓGICO Y FISICOQUÍMICO DEL AGUA EN 5 POZOS DEL ACUÍFERO DE ZACATEPEC, MORELOS, MÉXICO.
",UNIVERSIDAD NACIONAL AUTÓNOMA DE MÉXICO (UNAM)
0050_TS,FÍSICO,2009,MORELOS,"VINCULACIÓN DE SISTEMAS DE INFORMACIÓN GUBERNAMENTAR RARA LA CREACIÓN DE UN SISTEMA EJECUTIVO DEL AGUA BASADO EN UN ENFOQUE SISTÉMICO
","VINCULACIÓN DE SISTEMAS DE INFORMACIÓN GUBERNAMENTAR RARA LA CREACIÓN DE UN SISTEMA EJECUTIVO DEL AGUA BASADO EN UN ENFOQUE SISTÉMICO
",INSTITUTO MEXICANO DE TECNOLOGÍA DEL AGUA (IMTA)
0051_TS,FÍSICO,2009,MORELOS,"CARACTERIZACIÓN DE AMIBAS DE VIDA LIBRE PRESENTES EN AGUA SUBTERRANEA DEL ACUIFERO DE CUAUTLA, MORELOS
","CARACTERIZACIÓN DE AMIBAS DE VIDA LIBRE PRESENTES EN AGUA SUBTERRANEA DEL ACUIFERO DE CUAUTLA, MORELOS
",UNIVERSIDAD NACIONAL AUTÓNOMA DE MÉXICO (UNAM)
0052_TS,FÍSICO,2009,MORELOS,"COMPORTAMIENTO DE LOS CONTAMINANTES FISICOQUÍMICOS Y BACTERIOLÓGICOS EN EL ACUÍFERO DEL VALLE DE CUERNAVACA.
","COMPORTAMIENTO DE LOS CONTAMINANTES FISICOQUÍMICOS Y BACTERIOLÓGICOS EN EL ACUÍFERO DEL VALLE DE CUERNAVACA.
",UNIVERSIDAD NACIONAL AUTÓNOMA DE MÉXICO (UNAM)
0053_TS,FÍSICO,2009,MORELOS,"DISTRIBUCION TEMPORAL Y ESPACIAL DE AMIBAS DE VIDA LIBRE PRESENTES EN POZOS DE. LA ZONA SUROESTE DEL  ACUIFERO DE ZACATEPEC MORELOS.
","DISTRIBUCION TEMPORAL Y ESPACIAL DE AMIBAS DE VIDA LIBRE PRESENTES EN POZOS DE. LA ZONA SUROESTE DEL  ACUIFERO DE ZACATEPEC MORELOS.
",UNIVERSIDAD NACIONAL AUTÓNOMA DE MÉXICO (UNAM)
0054_TS,DIGITAL,2009,MÉXICO,"EL MERCADO DEL AGUA AGRÍCOLA EN MÉXICO
","EL MERCADO DEL AGUA AGRÍCOLA EN MÉXICO
",UNIVERSIDAD NACIONAL AUTÓNOMA DE MÉXICO (UNAM)
0055_TS,DIGITAL ,2010,MÉXICO,"LA SOBREEXPLOTACIÓN DEL ACUÍFERO DE LA ZMCM: ALGUNOS ASPECTOS ECONÓMICOS, POLÍTICOS, SOCIALES Y AMBIENTALES EN EL DISTRITO FEDERAL.

","LA SOBREEXPLOTACIÓN DEL ACUÍFERO DE LA ZMCM: ALGUNOS ASPECTOS ECONÓMICOS, POLÍTICOS, SOCIALES Y AMBIENTALES EN EL DISTRITO FEDERAL.

",UNIVERSIDAD NACIONAL AUTÓNOMA DE MÉXICO (UNAM)
0056_TS,DIGITAL,2010,HIDALGO MÉXICO,"LOS COSTOS EN EL USO DE CAMBIO DE SUELO, SU IMPACTO ECONÓMICO Y AMBIENTAL EN LA GESTIÓN DEL AGUA EN EL ACUÍFERO CUAUTITLÁN - PACHUCA, MUNICIPIO DE TECÁMAC

","LOS COSTOS EN EL USO DE CAMBIO DE SUELO, SU IMPACTO ECONÓMICO Y AMBIENTAL EN LA GESTIÓN DEL AGUA EN EL ACUÍFERO CUAUTITLÁN - PACHUCA, MUNICIPIO DE TECÁMAC

",UNIVERSIDAD NACIONAL AUTÓNOMA DE MÉXICO (UNAM)
0057_TS,DIGITAL,2010,MICHOACÁN,"MODELACIÓN Y SIMULACIÓN HIDRODINÁMICA DEL SISTEMA ACUÍFERO ZAMORA, EN MICHOACÁN MÉXICO

","MODELACIÓN Y SIMULACIÓN HIDRODINÁMICA DEL SISTEMA ACUÍFERO ZAMORA, EN MICHOACÁN MÉXICO

",UNIVERSIDAD NACIONAL AUTÓNOMA DE MÉXICO (UNAM)
0058_TS,FÍSICO,2010,MORELOS,"PROSPECCIÓN HIDROGEOLÓGICA Y FACTIBILIDAD DE EXTRACIÓN DE AGUAS SUBTERRÁNEAS EN EL POBLADO DE XOXOCOTLA, MUNICIPIO DE PUENTE DE IXTLA, MORELOS, MÉXICO.
","PROSPECCIÓN HIDROGEOLÓGICA Y FACTIBILIDAD DE EXTRACIÓN DE AGUAS SUBTERRÁNEAS EN EL POBLADO DE XOXOCOTLA, MUNICIPIO DE PUENTE DE IXTLA, MORELOS, MÉXICO.
",UNIVERSIDAD NACIONAL AUTÓNOMA DE MÉXICO (UNAM)
0059_TS,DIGITAL,2011,GUERRERO,"GESTIÓN DEL SANEAMIENTO EN LA CUENCA DEL RÍO HUACAPA-RÍO AZUL, DESDE UN ENFOQUE SISTÉMICO
","GESTIÓN DEL SANEAMIENTO EN LA CUENCA DEL RÍO HUACAPA-RÍO AZUL, DESDE UN ENFOQUE SISTÉMICO
",INSTITUTO MEXICANO DE TECNOLOGÍA DEL AGUA (IMTA)
0060_TS,DIGITAL,2011,MÉXICO,"DISTRIBUCIÓN ESPACIAL DE LA VULNERABILIDAD DEL ACUÍFERO DE ABASTECIMIENTO DE LA CIUDAD DE MÉXICO APLICANDO LA METODOLOGÍA DRASTIC.

","DISTRIBUCIÓN ESPACIAL DE LA VULNERABILIDAD DEL ACUÍFERO DE ABASTECIMIENTO DE LA CIUDAD DE MÉXICO APLICANDO LA METODOLOGÍA DRASTIC.

",UNIVERSIDAD NACIONAL AUTÓNOMA DE MÉXICO (UNAM)
0061_TS,DIGITAL,2011,MÉXICO,"EVALUACIÓN DE LA VULNERABILIDAD DEL ACUÍFERO DE LA CIUDAD DE MÉXICO TOMANDO COMO BASE LAS CARACTERÍSTICAS HIDROESTRATIGRÁFICAS DEL SUBSUELO


","EVALUACIÓN DE LA VULNERABILIDAD DEL ACUÍFERO DE LA CIUDAD DE MÉXICO TOMANDO COMO BASE LAS CARACTERÍSTICAS HIDROESTRATIGRÁFICAS DEL SUBSUELO


",UNIVERSIDAD NACIONAL AUTÓNOMA DE MÉXICO (UNAM)
0063_TS,DIGITAL,2013,GUANAJUATO,"ADAPTACIÓN A CAMBIO CLIMÁTICO EN EL ÁREA PROTEGIDA SIERRA GORDA, GUANAJUATO.

","ADAPTACIÓN A CAMBIO CLIMÁTICO EN EL ÁREA PROTEGIDA SIERRA GORDA, GUANAJUATO.

",UNIVERSIDAD NACIONAL AUTÓNOMA DE MÉXICO (UNAM)
0064_TS,DIGITAL,2013,MÉXICO,"EL CASO DE LA AGRICULTURA EN MÉXICO TRAS LOS IMPACTOS DEL CAMBIO CLIMÁTICO. EL PAPEL DE LA COOPERACIÓN INTERNACIONAL COMO SOLUCIÓN. 2006-2012

","EL CASO DE LA AGRICULTURA EN MÉXICO TRAS LOS IMPACTOS DEL CAMBIO CLIMÁTICO. EL PAPEL DE LA COOPERACIÓN INTERNACIONAL COMO SOLUCIÓN. 2006-2012

",UNIVERSIDAD NACIONAL AUTÓNOMA DE MÉXICO (UNAM)
0065_TS,DIGITAL,2013,MÉXICO,"EL IMPACTO DEL CAMBIO CLIMÁTICO SOBRE LA MIGRACIÓN: IMPLICACIONES PARA LA SEGURIDAD HUMANA

","EL IMPACTO DEL CAMBIO CLIMÁTICO SOBRE LA MIGRACIÓN: IMPLICACIONES PARA LA SEGURIDAD HUMANA

",UNIVERSIDAD NACIONAL AUTÓNOMA DE MÉXICO (UNAM)
0066_TS,DIGITAL,2013,COAHUILA DE ZARAGOZA,"METODOLOGÍA PARA DESARROLLAR BALANCES DE AGUAS SUBTERRÁNEAS CASO ESTUDIO ACUÍFERO ALLENDE-PIEDRAS NEGRAS, COAH.
","METODOLOGÍA PARA DESARROLLAR BALANCES DE AGUAS SUBTERRÁNEAS CASO ESTUDIO ACUÍFERO ALLENDE-PIEDRAS NEGRAS, COAH.
",UNIVERSIDAD NACIONAL AUTÓNOMA DE MÉXICO (UNAM)
0067_TS,DIGITAL,2013,MÉXICO,"METODOLOGÍA PARA EVALUAR LA DISPONIBILIDAD DE AGUA Y SUS COSTOS BAJO LOS ESCENARIOS DE CAMBIO CLIMÁTICO

","METODOLOGÍA PARA EVALUAR LA DISPONIBILIDAD DE AGUA Y SUS COSTOS BAJO LOS ESCENARIOS DE CAMBIO CLIMÁTICO

",UNIVERSIDAD NACIONAL AUTÓNOMA DE MÉXICO (UNAM)
0068_TS,DIGITAL,2013,MÉXICO,"PERCEPCIÓN Y COMUNICACIÓN DE VULNERABILIDAD ANTE EL CAMBIO CLIMÁTICO: LA VISIÓN DE LOS ESPECIALISTAS.

","PERCEPCIÓN Y COMUNICACIÓN DE VULNERABILIDAD ANTE EL CAMBIO CLIMÁTICO: LA VISIÓN DE LOS ESPECIALISTAS.

",UNIVERSIDAD NACIONAL AUTÓNOMA DE MÉXICO (UNAM)
0069_TS,DIGITAL,2013,MÉXICO,"RECARGA ARTIFICIAL DEL ACUÍFERO COMO PARTE DE LA GESTIÓN INTEGRAL DE LOS RECURSOS HÍDRICOS EN EL VALLE DE MÉXICO.

","RECARGA ARTIFICIAL DEL ACUÍFERO COMO PARTE DE LA GESTIÓN INTEGRAL DE LOS RECURSOS HÍDRICOS EN EL VALLE DE MÉXICO.

",UNIVERSIDAD NACIONAL AUTÓNOMA DE MÉXICO (UNAM)
0070_TS,DIGITAL,2014,GUANAJUATO,"REFUGIADOS AMBIENTALES FRENTE AL CAMBIO CLIMÁTICO EN MÉXICO.


","REFUGIADOS AMBIENTALES FRENTE AL CAMBIO CLIMÁTICO EN MÉXICO.


",UNIVERSIDAD LASALLISTA BENAVENTE
0071_TS,DIGITAL,2014,MÉXICO,"ACCIONES INTERNACIONALES DE MÉXICO FRENTE AL CAMBIO CLIMÁTICO DESDE LA PERSPECTIVA DEL DESARROLLO SUSTENTABLE

","ACCIONES INTERNACIONALES DE MÉXICO FRENTE AL CAMBIO CLIMÁTICO DESDE LA PERSPECTIVA DEL DESARROLLO SUSTENTABLE

",UNIVERSIDAD NACIONAL AUTÓNOMA DE MÉXICO (UNAM)
0072_TS,DIGITAL,2014,MÉXICO,"EFECTOS DEL CAMBIO CLIMÁTICO EN LOS PARÁMETROS DE DISEÑO HIDROLÓGICO

","EFECTOS DEL CAMBIO CLIMÁTICO EN LOS PARÁMETROS DE DISEÑO HIDROLÓGICO

",UNIVERSIDAD NACIONAL AUTÓNOMA DE MÉXICO (UNAM)
0073_TS,DIGITAL,2014,MÉXICO,"EVALUACIÓN DE LA VULNERABILIDAD DE LOS ESTADOS DE MÉXICO AL CAMBIO CLIMÁTICO: UN ENFOQUE NO PARAMÉTRICO

","EVALUACIÓN DE LA VULNERABILIDAD DE LOS ESTADOS DE MÉXICO AL CAMBIO CLIMÁTICO: UN ENFOQUE NO PARAMÉTRICO

",UNIVERSIDAD NACIONAL AUTÓNOMA DE MÉXICO (UNAM)
0074_TS,DIGITAL,2014,MÉXICO,"LAS POLÍTICAS DE DIVERSIFICACIÓN PRODUCTIVA COMO INSTRUMENTO DE ADAPTACIÓN AL CAMBIO CLIMÁTICO DEL SECTOR RURAL EN MÉXICO

","LAS POLÍTICAS DE DIVERSIFICACIÓN PRODUCTIVA COMO INSTRUMENTO DE ADAPTACIÓN AL CAMBIO CLIMÁTICO DEL SECTOR RURAL EN MÉXICO

",UNIVERSIDAD NACIONAL AUTÓNOMA DE MÉXICO (UNAM)
0075_TS,DIGITAL,2014,MÉXICO,"MODELACIÓN NUMÉRICA DEL APORTE DE AGUA DEL MANTO FREÁTICO AL REQUERIMENTO DE RIEGO DE LOS CULTIVOS

","MODELACIÓN NUMÉRICA DEL APORTE DE AGUA DEL MANTO FREÁTICO AL REQUERIMENTO DE RIEGO DE LOS CULTIVOS

",UNIVERSIDAD NACIONAL AUTÓNOMA DE MÉXICO (UNAM)
0076_TS,DIGITAL,2014,MÉXICO,"RIESGO Y VULNERABILIDAD DE CONTAMINACIÓN DEL AGUA SUBTERRÁNEA POR HIDROCARBUROS EN EL DISTRITO FEDERAL.

","RIESGO Y VULNERABILIDAD DE CONTAMINACIÓN DEL AGUA SUBTERRÁNEA POR HIDROCARBUROS EN EL DISTRITO FEDERAL.

",UNIVERSIDAD NACIONAL AUTÓNOMA DE MÉXICO (UNAM)
0077_TS,DIGITAL,2014,MÉXICO,"SITUACIÓN ACTUAL Y PROPUESTAS EN TORNO A LA CRISIS ALIMENTARIA EN UN CONTEXTO DE CAMBIO CLIMÁTICO Y DESCENSO ENERGÉTICO EN MÉXICO.

","SITUACIÓN ACTUAL Y PROPUESTAS EN TORNO A LA CRISIS ALIMENTARIA EN UN CONTEXTO DE CAMBIO CLIMÁTICO Y DESCENSO ENERGÉTICO EN MÉXICO.

",UNIVERSIDAD NACIONAL AUTÓNOMA DE MÉXICO (UNAM)
0078_TS,DIGITAL,2014,MÉXICO,"VULNERABILIDAD DEL SECTOR HÍDRICO POR EFECTOS DEL CAMBIO CLIMÁTICO EN MÉXICO.


","VULNERABILIDAD DEL SECTOR HÍDRICO POR EFECTOS DEL CAMBIO CLIMÁTICO EN MÉXICO.


",UNIVERSIDAD NACIONAL AUTÓNOMA DE MÉXICO (UNAM)
0079_TS,DIGITAL,2015,MÉXICO,"ADAPTACIÓN: ESTRATEGIA PARA EL DESARROLLO ANTE EL CAMBIO CLIMÁTICO. EL CASO DE MÉXICO.

","ADAPTACIÓN: ESTRATEGIA PARA EL DESARROLLO ANTE EL CAMBIO CLIMÁTICO. EL CASO DE MÉXICO.

",UNIVERSIDAD NACIONAL AUTÓNOMA DE MÉXICO (UNAM)
0080_TS,DIGITAL,2015,MÉXICO,"ANÁLISIS Y MODELACIÓN DE CURVAS DE RECESIÓN EN ZONAS ÁRIDAS Y SEMIÁRIDAS DE MÉXICO

","ANÁLISIS Y MODELACIÓN DE CURVAS DE RECESIÓN EN ZONAS ÁRIDAS Y SEMIÁRIDAS DE MÉXICO

",UNIVERSIDAD NACIONAL AUTÓNOMA DE MÉXICO (UNAM)
0081_TS,DIGITAL,2015,MÉXICO,"CAMBIO CLIMÁTICO, ¿UNA LIMITANTE EN EL DESARROLLO ECONÓMICO DE MÉXICO?

","CAMBIO CLIMÁTICO, ¿UNA LIMITANTE EN EL DESARROLLO ECONÓMICO DE MÉXICO?

",UNIVERSIDAD NACIONAL AUTÓNOMA DE MÉXICO (UNAM)
0082_TS,DIGITAL,2015,MÉXICO,"CONSULTORÍA PARA EL MANEJO INTEGRAL DEL RECURSO HÍDRICO: PROSPECTIVA DEL ACUÍFERO TEXCOCO DESDE EL MUNICIPIO DE NEZAHUALCÓYOTL, ESTADO DE MÉXICO

","CONSULTORÍA PARA EL MANEJO INTEGRAL DEL RECURSO HÍDRICO: PROSPECTIVA DEL ACUÍFERO TEXCOCO DESDE EL MUNICIPIO DE NEZAHUALCÓYOTL, ESTADO DE MÉXICO

",UNIVERSIDAD NACIONAL AUTÓNOMA DE MÉXICO (UNAM)
0083_TS,DIGITAL,2015,VERACRUZ,"METODOLOGÍA DE INDICADORES DE SOSTENIBILIDAD EN ACUÍFEROS. CASO DE ESTUDIO ACUÍFERO COSTERA DE VERACRUZ.

","METODOLOGÍA DE INDICADORES DE SOSTENIBILIDAD EN ACUÍFEROS. CASO DE ESTUDIO ACUÍFERO COSTERA DE VERACRUZ.

",UNIVERSIDAD NACIONAL AUTÓNOMA DE MÉXICO (UNAM)
0084_TS,DIGITAL,2015,TABASCO,"MIGRACIONES FORZADAS POR  CAMBIO CLIMÁTICO: TABASCO COMO CASO DE ESTUDIO

","MIGRACIONES FORZADAS POR  CAMBIO CLIMÁTICO: TABASCO COMO CASO DE ESTUDIO

",UNIVERSIDAD NACIONAL AUTÓNOMA DE MÉXICO (UNAM)
0085_TS,DIGITAL,2015,MORELOS,"PLAN DE MANEJO DEL ACUÍFERO DE TEPALCINGO-AXOCHIAPAN

","PLAN DE MANEJO DEL ACUÍFERO DE TEPALCINGO-AXOCHIAPAN

",UNIVERSIDAD NACIONAL AUTÓNOMA DE MÉXICO (UNAM)
0086_TS,DIGITAL,2015,MÉXICO,"UN ESTUDIO EMPÍRICO DE LOS MECANISMOS NATURALES Y ANTROPOGÉNICOS GENERADORES DEL CAMBIO CLIMÁTICO.

","UN ESTUDIO EMPÍRICO DE LOS MECANISMOS NATURALES Y ANTROPOGÉNICOS GENERADORES DEL CAMBIO CLIMÁTICO.

",UNIVERSIDAD NACIONAL AUTÓNOMA DE MÉXICO (UNAM)
0087_TS,DIGITAL,2015,MÉXICO,"VULNERABILIDAD SOCIAL POR GÉNERO AL CAMBIO CLIMÁTICO EN MÉXICO

","VULNERABILIDAD SOCIAL POR GÉNERO AL CAMBIO CLIMÁTICO EN MÉXICO

",UNIVERSIDAD NACIONAL AUTÓNOMA DE MÉXICO (UNAM)
0088_TS,DIGITAL,2017,OTRO O INTERNACIONAL,"AUTOMATIZACIÓN DE LA CREACIÓN DE MAPAS DE ISOCOROPLETAS A PARTIR DE INFORMACIÓN RASTER EN EL ATLAS NACIONAL DE ESPAÑA

","AUTOMATIZACIÓN DE LA CREACIÓN DE MAPAS DE ISOCOROPLETAS A PARTIR DE INFORMACIÓN RASTER EN EL ATLAS NACIONAL DE ESPAÑA

",UNIVERSIDAD POLITÉCNICA DE MADRID 
0089_TS,DIGITAL,2018,COAHUILA DE ZARAGOZA,"ESTUDIO GEOHIDROLÓGICO DEL ACUÍFERO PRINCIPAL DE LA COMARCA LAGUNERA, EDOS, DGO Y COAH.
","ESTUDIO GEOHIDROLÓGICO DEL ACUÍFERO PRINCIPAL DE LA COMARCA LAGUNERA, EDOS, DGO Y COAH.
",INSTITUTO POLITÉCNICO NACIONAL (IPN)
0090_TS,DIGITAL,2019,SONORA,"ESTUDIO DE CARACTERIZACIÓN, MOVILIDAD Y BIODISPONIBILIDAD DE METALES EN SEDIMENTOS DEL RÍO SONORA Y SU AFLUENTE EL RÍO BACANUCHI, SON.
","ESTUDIO DE CARACTERIZACIÓN, MOVILIDAD Y BIODISPONIBILIDAD DE METALES EN SEDIMENTOS DEL RÍO SONORA Y SU AFLUENTE EL RÍO BACANUCHI, SONORA
",UNIVERSIDAD DE SONORA (UNISON)
0091_TS,DIGITAL,2021,QUINTANA ROO,"MODELACIÓN REGIONAL EN ESTADO ESTACIONARIO DEL ACUÍFERO NORESTE DE QUINTANA ROO
","MODELACIÓN REGIONAL EN ESTADO ESTACIONARIO DEL ACUÍFERO NORESTE DE QUINTANA ROO
","CENTRO DE INVESTIGACIÓN CIENTÍFICA DE YUCATÁN, ASOCIACIÓN CIVIL"
0092_TS,DIGITAL,2021,MÉXICO,"SIMULACIÓN TRIDIMENSIONAL DEL FLUJO DE AGUAS SUBTERRÁNEAS EN EL ACUÍFERO TEXCOCO, MEX.
","SIMULACIÓN TRIDIMENSIONAL DEL FLUJO DE AGUAS SUBTERRÁNEAS EN EL ACUÍFERO TEXCOCO, MÉXICO
",UNIVERSIDAD AUTÓNOMA DEL ESTADO DE MÉXICO (UAEM)
0093_TS,DIGITAL,2021,SONORA,"EVALUACIÓN DE LA VULNERABILIDAD ACUÍFERA EN UN CONTEXTO MINERO - APLICACIÓN AL ACUÍFERO RÍO SONORA
","EVALUACIÓN DE LA VULNERABILIDAD ACUÍFERA EN UN CONTEXTO MINERO - APLICACIÓN AL ACUÍFERO RÍO SONORA
",UNIVERSIDAD NACIONAL AUTÓNOMA DE MÉXICO (UNAM)
0094_TS,DIGITAL,2023,GUANAJUATO,"VULNERABILIDAD ACUÍFERA E ÍNDICES DE CALIDAD DEL AGUA EN ACUÍFEROS DEL BAJÍO
","VULNERABILIDAD ACUÍFERA E ÍNDICES DE CALIDAD DEL AGUA EN ACUÍFEROS DEL BAJÍO
","INSTITUTO POTOSINO DE INVESTIGACIÓN CIENTÍFICA Y TECNOLÓGICA, ASOCIACIÓN CIVIL"
0095_TS,FÍSICO,,CHIHUAHUA,"GUÍA DE RIEGOS DEL DISTRITO DE RIEGO No. 09, VALLE DE JUAREZ, CHIH.
","GUÍA DE RIEGOS DEL DISTRITO DE RIEGO No. 09, VALLE DE JUAREZ, CHIHUAHUA
",ESCUELA NACIONAL DE AGRICULTURA
0096_TS,FÍSICO,2009,MORELOS,"ESTUDIO BACTERIOLÓGICO Y FISICOQUÍMICO DEL AGUA, EN LA ZONA PONIENTE DEL ACUÍFERO DE CUAUTLA-YAUTEPEC, MORELOS, MÉXICO.
","ESTUDIO BACTERIOLÓGICO Y FISICOQUÍMICO DEL AGUA, EN LA ZONA PONIENTE DEL ACUÍFERO DE CUAUTLA-YAUTEPEC, MORELOS, MÉXICO.
",UNIVERSIDAD NACIONAL AUTÓNOMA DE MÉXICO (UNAM)
0097_TS,DIGITAL,1995,BAJA CALIFORNIA SUR,"CONDICIONES GEOHIDROLÓGICAS DEL VALLE DE LOS PLANES, B.C.S., MÉXICO
","CONDICIONES GEOHIDROLÓGICAS DEL VALLE DE LOS PLANES, BAJA CALIFORNIA SUR, MÉXICO
",UNIVERSIDAD AUTÓNOMA DE BAJA CALIFORNIA SUR (UABCS)
0098_TS,FÍSICO,1989,TAMAULIPAS,"ANÁLISIS DE CARACTERIZACIÓN PARCIAL DE LAS AGUAS DE ABASTECIMIENTO DE LOS POZOS SOMEROS DE LA COL. JOSÉ LÓPEZ PORTILLO, MUNICIPIO DE TAMPICO, TAMPS., MÉXICO","ANÁLISIS DE CARACTERIZACIÓN PARCIAL DE LAS AGUAS DE ABASTECIMIENTO DE LOS POZOS SOMEROS DE LA COL. JOSÉ LÓPEZ PORTILLO, MUNICIPIO DE TAMPICO, TAMAULIPAS, MÉXICO","CENTRO DE CIENCIA Y TECNOLOGÍA DEL MAR (CIUDAD MADERO, ESTADO DE TAMAULIPAS)"
0099_TS,FÍSICO,1996,OTRO O INTERNACIONAL,"RENOVATION OF FILTERED PRIMARY EFFLUENT DURING SIMULATED SOIL AQUIFER TREATMENT (SAT)
","RENOVATION OF FILTERED PRIMARY EFFLUENT DURING SIMULATED SOIL AQUIFER TREATMENT (SAT)
",UNIVERSIDAD DE ARIZONA
0100_TS,FÍSICO,1984,OTRO O INTERNACIONAL,"TEMAS CONTEMPORANEOS DE LA GEOFÍSICA ELÉCTRICA
","TEMAS CONTEMPORANEOS DE LA GEOFÍSICA ELÉCTRICA
",INSTITUTO POLITÉCNICO NACIONAL (IPN)
0101_TS,FÍSICO,1995,OTRO O INTERNACIONAL,"PROSPECCIÓN GEOHIDROLÓGICA MEDIANTE LA INTERPRETACIÓN DE IMÁGENES DE SATÉLITE, DEL ESTADO DE MORELOS
","PROSPECCIÓN GEOHIDROLÓGICA MEDIANTE LA INTERPRETACIÓN DE IMÁGENES DE SATÉLITE, DEL ESTADO DE MORELOS
",UNIVERSIDAD NACIONAL AUTÓNOMA DE MÉXICO (UNAM)
0102_TS,FÍSICO,1991,CHIHUAHUA,"EXPLOTACIÓN ÓPTIMA DEL ACUÍFERO DE CONEJOS - MÉDANOS, CHIHUAHUA
","EXPLOTACIÓN ÓPTIMA DEL ACUÍFERO DE CONEJOS - MÉDANOS, CHIHUAHUA
",INSTITUTO POLITÉCNICO NACIONAL (IPN)
0103_TS,DIGITAL,2005,SONORA,"SIMULACIÓN NUMÉRICA Y ANÁLISIS DE ESCENARIOS DE MANEJO DEL ACUÍFERO DEL VALLE DE CABORCA, ESTADO DE SONORA
","SIMULACIÓN NUMÉRICA Y ANÁLISIS DE ESCENARIOS DE MANEJO DEL ACUÍFERO DEL VALLE DE CABORCA, ESTADO DE SONORA
",UNIVERSIDAD NACIONAL AUTÓNOMA DE MÉXICO (UNAM)
0104_TS,FÍSICO,1989,BAJA CALIFORNIA,"ACTUALIZACIÓN DEL ESTUDIO HIDROLÓGICO DEL VALLE DE MEXICALI, ESTADO DE BAJA CALIFORNIA NORTE
","ACTUALIZACIÓN DEL ESTUDIO HIDROLÓGICO DEL VALLE DE MEXICALI, ESTADO DE BAJA CALIFORNIA NORTE
",UNIVERSIDAD AUTÓNOMA CHAPINGO (UACh)
0105_TS,DIGITAL,2005,SONORA,"SIMULACIÓN NUMÉRICA Y ANÁLISIS DE ESCENARIOS DE MANEJO DEL ACUÍFERO DEL VALLE DE CABORCA, ESTADO DE SONORA
","SIMULACIÓN NUMÉRICA Y ANÁLISIS DE ESCENARIOS DE MANEJO DEL ACUÍFERO DEL VALLE DE CABORCA, ESTADO DE SONORA
",UNIVERSIDAD NACIONAL AUTÓNOMA DE MÉXICO (UNAM)
0106_TS,FÍSICO,1992,SAN LUIS POTOSÍ,"THE HYDROLOGY OF THE SAN LUIS POTOSÍ AREA, MÉXICO","THE HYDROLOGY OF THE SAN LUIS POTOSÍ AREA, MÉXICO",UNIVERSITY OF LONDON
0107_TS,FÍSICO,2003,QUERÉTARO,"EL SOPORTE DE LA GEOLOGÍA ESTRUCTURAL EN EL ESTUDIO DE LA CONTINUIDAD HIDRÁULICA EN MEDIOS FRACTURADOS ENTRE LAS CUENCAS DE SAN JUANDEL RÍO, QUERÉTARO Y LOS APASEOS","EL SOPORTE DE LA GEOLOGÍA ESTRUCTURAL EN EL ESTUDIO DE LA CONTINUIDAD HIDRÁULICA EN MEDIOS FRACTURADOS ENTRE LAS CUENCAS DE SAN JUANDEL RÍO, QUERÉTARO Y LOS APASEOS",UNIVERSIDAD NACIONAL AUTÓNOMA DE MÉXICO (UNAM)
0108_TS,FÍSICO,2007,CHIHUAHUA,"DETERMINACIÓN DE LA CONTINUIDAD HIDROGEOLÓGICA DE LOS ACUÍFEROS EL SABINAL Y SANTA MARÍA CHIHUAHUA, MÉXICO","DETERMINACIÓN DE LA CONTINUIDAD HIDROGEOLÓGICA DE LOS ACUÍFEROS EL SABINAL Y SANTA MARÍA CHIHUAHUA, MÉXICO",UNIVERSIDAD NACIONAL AUTÓNOMA DE MÉXICO (UNAM)
0109_TS,FÍSICO,2001,HIDALGO,"ANÁLISIS MICROBIOLÓGICO Y FISICOQUÍMICO DEL ACUÍFERO DEL VALLE DEL MEZQUITAL, ESTADO DE HIDALGO, MÉXICO","ANÁLISIS MICROBIOLÓGICO Y FISICOQUÍMICO DEL ACUÍFERO DEL VALLE DEL MEZQUITAL, ESTADO DE HIDALGO, MÉXICO",UNIVERSIDAD NACIONAL AUTÓNOMA DE MÉXICO (UNAM)
0110_TS,FÍSICO,1982,OTRO O INTERNACIONAL,MODELO NUMÉRICO PARA LA SIMULACIÓN DE CONTAMINACIÓN DE AGUA SUBTERRÁNEA,MODELO NUMÉRICO PARA LA SIMULACIÓN DE CONTAMINACIÓN DE AGUA SUBTERRÁNEA,UNIVERSIDAD NACIONAL AUTÓNOMA DE MÉXICO (UNAM)
0111_TS,FÍSICO,1994,CIUDAD DE MÉXICO,ALTERNATIVAS DE SOLUCIÓN A LOS PROBLEMAS QUE AFECTAN A LOS ACUÍFEROS DE LA CUENCA GEOHIDROLÓGICA DE LA CUENCA DE LA CIUDAD DE MÉXICO,ALTERNATIVAS DE SOLUCIÓN A LOS PROBLEMAS QUE AFECTAN A LOS ACUÍFEROS DE LA CUENCA GEOHIDROLÓGICA DE LA CUENCA DE LA CIUDAD DE MÉXICO,INSTITUTO POLITÉCNICO NACIONAL (IPN)
0112_TS,FÍSICO,1992,QUERÉTARO,"OPTIMIZACIÓN DEL APROVECHAMIENTO DEL ACUÍFERO DEL VALLE DE QUERÉTARO, CON BASE EN UN MODELO DE SIMULACIÓN DE FLUJO","OPTIMIZACIÓN DEL APROVECHAMIENTO DEL ACUÍFERO DEL VALLE DE QUERÉTARO, CON BASE EN UN MODELO DE SIMULACIÓN DE FLUJO",UNIVERSIDAD AUTÓNOMA DE QUERÉTARO
0113_TS,FÍSICO,2013,CHIAPAS,"EVALUACIÓN DE LA SUSTENTABILIDAD HIDROGEOLÓGICA DE LOS HUMEDALES DEL SOCONUSCO, CHIAPAS","EVALUACIÓN DE LA SUSTENTABILIDAD HIDROGEOLÓGICA DE LOS HUMEDALES DEL SOCONUSCO, CHIAPAS",UNIVERSIDAD NACIONAL AUTÓNOMA DE MÉXICO (UNAM)
0114_TS,FÍSICO,2012,SINALOA,"CARACTERIZACIÓN HUDROGEOLÓGICA DEL ACUÍFERO COSTERO LAGUNA GRANDE EN SINALOA, MÉXICO","CARACTERIZACIÓN HUDROGEOLÓGICA DEL ACUÍFERO COSTERO LAGUNA GRANDE EN SINALOA, MÉXICO",UNIVERSIDAD NACIONAL AUTÓNOMA DE MÉXICO (UNAM)
0115_TS,FÍSICO,2007,COAHUILA DE ZARAGOZA,"ESTUDIO HIDROGEOQUÍMICO DEL VALLE DE CUATROCIÉNEGAS, COAHUILA, MÉXICO
","ESTUDIO HIDROGEOQUÍMICO DEL VALLE DE CUATROCIÉNEGAS, COAHUILA, MÉXICO
",UNIVERSIDAD NACIONAL AUTÓNOMA DE MÉXICO (UNAM)
0116_TS,FÍSICO,2018,GUERRERO,ESTUDIO HIDROGEOLÓGICO PARA EL APROVECHAMIENTO ÓPTIMO DEL YACIMIENTO DE AGUA SUBTERRÁNEAA DE LA LOCALIDAD EL COACOYUL,ESTUDIO HIDROGEOLÓGICO PARA EL APROVECHAMIENTO ÓPTIMO DEL YACIMIENTO DE AGUA SUBTERRÁNEAA DE LA LOCALIDAD EL COACOYUL,UNIVERSIDAD NACIONAL AUTÓNOMA DE MÉXICO (UNAM)
0117_TS,FÍSICO,1989,OTRO O INTERNACIONAL,ESTIMACIÓN DE GASTO BASE MEDIANTE TÉCNICAS DE FILTRADO,ESTIMACIÓN DE GASTO BASE MEDIANTE TÉCNICAS DE FILTRADO,UNIVERSIDAD NACIONAL AUTÓNOMA DE MÉXICO (UNAM)
0118_TS,FÍSICO,2010,MICHOACÁN,"MODELACIÓN MATEMÁTICA DEL ACUÍFERO CIÉNEGA CHAPALA, ESTADO DE MICHOACÁN","MODELACIÓN MATEMÁTICA DEL ACUÍFERO CIÉNEGA CHAPALA, ESTADO DE MICHOACÁN",UNIVERSIDAD NACIONAL AUTÓNOMA DE MÉXICO (UNAM)
0119_TS,FÍSICO,2002,OTRO O INTERNACIONAL,APUNTES DE LOS TEMAS CONCEPTOS SEDIMENTOLÓGICOS Y CONCEPTOS ESTRATIGRÁFICOS DE LA ASIGNATURA GEOLOGÍA DE YACIMIENTOS DE FLUIDOS,APUNTES DE LOS TEMAS CONCEPTOS SEDIMENTOLÓGICOS Y CONCEPTOS ESTRATIGRÁFICOS DE LA ASIGNATURA GEOLOGÍA DE YACIMIENTOS DE FLUIDOS,UNIVERSIDAD NACIONAL AUTÓNOMA DE MÉXICO (UNAM)
0120_TS,FÍSICO,2009,CIUDAD DE MÉXICO,CONDICIONES HIDROGEOLÓGICAS AL SUR PONIENTE DE LA SIERRA DE SANTA CATARINA,CONDICIONES HIDROGEOLÓGICAS AL SUR PONIENTE DE LA SIERRA DE SANTA CATARINA,UNIVERSIDAD NACIONAL AUTÓNOMA DE MÉXICO (UNAM)
0121_TS,FÍSICO,2002,CHIAPAS,"PROYECTO DE OBRAS DE PROTECCIÓN SOBRE EL RÍO SANDIEGANO A LA ALTURA DE LA POBLACIÓN FLORES MAGÓN, MPIO. DE VENUSTIANO CARRANZA, CHIS.","PROYECTO DE OBRAS DE PROTECCIÓN SOBRE EL RÍO SANDIEGANO A LA ALTURA DE LA POBLACIÓN FLORES MAGÓN, MPIO. DE VENUSTIANO CARRANZA, CHIAPAS",UNIVERSIDAD NACIONAL AUTÓNOMA DE MÉXICO (UNAM)
0122_TS,FÍSICO,1977,MORELOS,ESTUDIO GEOLÓGICO E HIDROGEOLÓGICO DEL ESTADO DE MORELOS,ESTUDIO GEOLÓGICO E HIDROGEOLÓGICO DEL ESTADO DE MORELOS,INSTITUTO POLITÉCNICO NACIONAL (IPN)
0123_TS,DIGITAL,1986,SONORA,"COMPORTAMIENTO DEL ACUÍFERO DEL RÍO SAN PEDRO, CANANEA, SONORA","COMPORTAMIENTO DEL ACUÍFERO DEL RÍO SAN PEDRO, CANANEA, SONORA",UNIVERSIDAD DE SONORA (UNISON)
0124_TS,DIGITAL,2019,QUINTANA ROO,"ESTUDIO GEOHIDROLÓGICO DE PLAYA MUJERES, MUNICIPIO ISLA MUJERES, QUINTANA ROO","ESTUDIO GEOHIDROLÓGICO DE PLAYA MUJERES, MUNICIPIO ISLA MUJERES, QUINTANA ROO",UNIVERSIDAD NACIONAL AUTÓNOMA DE MÉXICO (UNAM)
0125_TS,DIGITAL,2007,OTRO O INTERNACIONAL,ANÁLISIS DE ALTERNATIVAS PARA LA ESTIMACIÓN DE LA CARGA HIDRÁULICA UTILIZANDO MÉTODOS GEOESTADÍSTICOS EN ESPACIO Y ESPACIO-TIEMPO,ANÁLISIS DE ALTERNATIVAS PARA LA ESTIMACIÓN DE LA CARGA HIDRÁULICA UTILIZANDO MÉTODOS GEOESTADÍSTICOS EN ESPACIO Y ESPACIO-TIEMPO,UNIVERSIDAD NACIONAL AUTÓNOMA DE MÉXICO (UNAM)
0126_TS,DIGITAL,2017,SONORA,"CARACTERIZACIÓN HIDROGEOLÓGICA DE LA SUBCUENCA RÍO BACANUCHI, SONORA, MÉXICO","CARACTERIZACIÓN HIDROGEOLÓGICA DE LA SUBCUENCA RÍO BACANUCHI, SONORA, MÉXICO",UNIVERSIDAD DE SONORA (UNISON)
0003_TS,FÍSICO,1978,VERACRUZ,"ESTRATIGRAFÍA DEL CRETÁCICO INFERIOR EN LA PORCIÓN NOROESTE DE CERRO AZUL, VER.
","ESTRATIGRAFÍA DEL CRETÁCICO INFERIOR EN LA PORCIÓN NOROESTE DE CERRO AZUL, VERACRUZ
",INSTITUTO POLITÉCNICO NACIONAL (IPN)
0004_TS,FÍSICO,1978,HIDALGO,"ESTUDIO GEOHIDROLÓGICO PRELIMINAR DEL VALLE DE TECOZAUTLA EN EL ESTADO DE HIDALGO
","ESTUDIO GEOHIDROLÓGICO PRELIMINAR DEL VALLE DE TECOZAUTLA EN EL ESTADO DE HIDALGO
",INSTITUTO POLITÉCNICO NACIONAL (IPN)
0005_TS,FÍSICO,1978,NO APLICA,"LAS PROYECCIONES ESFÉRICAS Y SU INTERPRETACIÓN GEOLÓGICA ESTRUCTURAL
","LAS PROYECCIONES ESFÉRICAS Y SU INTERPRETACIÓN GEOLÓGICA ESTRUCTURAL
",INSTITUTO POLITÉCNICO NACIONAL (IPN)
0006_TS,FÍSICO,1979,MÉXICO,"BREVE ANÁLISIS GEOMORFOLÓGICO DEL ÁREA COMPRENDIDA EN LA CARTA CUAUTITLÁN, ESCALA 150000, DETENAL

","BREVE ANÁLISIS GEOMORFOLÓGICO DEL ÁREA COMPRENDIDA EN LA CARTA CUAUTITLÁN, ESCALA 150000, DETENAL

",INSTITUTO POLITÉCNICO NACIONAL (IPN)
0009_TS,FÍSICO,1981,HIDALGO,"ESTUDIO DEL PALEOZOICO EN LA REGIÓN DEL CALNALI, HGO (EN LA SIERRA MADRE ORIENTAL)
","ESTUDIO DEL PALEOZOICO EN LA REGIÓN DEL CALNALI, HIDALGO (EN LA SIERRA MADRE ORIENTAL)
",INSTITUTO POLITÉCNICO NACIONAL (IPN)
0010_TS,FÍSICO,1982,HIDALGO,"ESTUDIO GEOLÓGICO MINERO DEL ÁREA ""PODER DE DIOS"" DISTRITO MINERO DE EL CHICO, HGO.
","ESTUDIO GEOLÓGICO MINERO DEL ÁREA ""PODER DE DIOS"" DISTRITO MINERO DE EL CHICO, HIDALGO.
",INSTITUTO POLITÉCNICO NACIONAL (IPN)
